test/0001.png,11
test/0002.png,11
test/0003.png,11
test/0004.png,1
test/0005.png,12
test/0006.png,12
test/0007.png,12
test/0008.png,2
test/0009.png,2
test/0010.png,12
test/0011.png,2
test/0012.png,2
test/0013.png,13
test/0014.png,14
test/0015.png,14
test/0016.png,14
test/0017.png,15
test/0018.png,15
test/0019.png,15
test/0020.png,16
test/0021.png,16
test/0022.png,16
test/0023.png,16
test/0024.png,17
test/0025.png,17
test/0026.png,17
test/0027.png,18
test/0028.png,18
test/0029.png,18
test/0030.png,19
test/0031.png,20
test/0032.png,20
test/0033.png,21
test/0034.png,21
test/0035.png,21
test/0036.png,22
test/0037.png,22
test/0038.png,22
test/0039.png,23
test/0040.png,23
test/0041.png,23
test/0042.png,3
test/0043.png,24
test/0044.png,24
test/0045.png,3
test/0046.png,3
test/0047.png,24
test/0048.png,3
test/0049.png,25
test/0050.png,26
test/0051.png,26
test/0052.png,27
test/0053.png,27
test/0054.png,27
test/0055.png,27
test/0056.png,28
test/0057.png,28
test/0058.png,28
test/0059.png,29
test/0060.png,29
test/0061.png,29
test/0062.png,29
test/0063.png,29
test/0064.png,30
test/0065.png,30
test/0066.png,30
test/0067.png,30
test/0068.png,30
test/0069.png,31
test/0070.png,31
test/0071.png,31
test/0072.png,32
test/0073.png,32
test/0074.png,33
test/0075.png,33
test/0076.png,33
test/0077.png,34
test/0078.png,34
test/0079.png,34
test/0080.png,35
test/0081.png,35
test/0082.png,35
test/0083.png,4
test/0084.png,36
test/0085.png,36
test/0086.png,4
test/0087.png,36
test/0088.png,4
test/0089.png,37
test/0090.png,38
test/0091.png,38
test/0092.png,39
test/0093.png,39
test/0094.png,39
test/0095.png,40
test/0096.png,40
test/0097.png,40
test/0098.png,40
test/0099.png,41
test/0100.png,41
test/0101.png,41
test/0102.png,42
test/0103.png,42
test/0104.png,42
test/0105.png,42
test/0106.png,43
test/0107.png,44
test/0108.png,44
test/0109.png,45
test/0110.png,45
test/0111.png,45
test/0112.png,46
test/0113.png,46
test/0114.png,46
test/0115.png,46
test/0116.png,47
test/0117.png,47
test/0118.png,47
test/0119.png,47
test/0120.png,5
test/0121.png,48
test/0122.png,48
test/0123.png,48
test/0124.png,5
test/0125.png,48
test/0126.png,5
test/0127.png,49
test/0128.png,49
test/0129.png,50
test/0130.png,50
test/0131.png,50
test/0132.png,50
test/0133.png,51
test/0134.png,51
test/0135.png,51
test/0136.png,51
test/0137.png,52
test/0138.png,52
test/0139.png,52
test/0140.png,53
test/0141.png,53
test/0142.png,53
test/0143.png,53
test/0144.png,54
test/0145.png,54
test/0146.png,54
test/0147.png,55
test/0148.png,56
test/0149.png,56
test/0150.png,57
test/0151.png,57
test/0152.png,57
test/0153.png,58
test/0154.png,58
test/0155.png,58
test/0156.png,58
test/0157.png,59
test/0158.png,59
test/0159.png,59
test/0160.png,6
test/0161.png,60
test/0162.png,60
test/0163.png,6
test/0164.png,60
test/0165.png,6
test/0166.png,61
test/0167.png,62
test/0168.png,62
test/0169.png,63
test/0170.png,63
test/0171.png,63
test/0172.png,63
test/0173.png,64
test/0174.png,64
test/0175.png,64
test/0176.png,65
test/0177.png,65
test/0178.png,65
test/0179.png,65
test/0180.png,65
test/0181.png,66
test/0182.png,66
test/0183.png,66
test/0184.png,68
test/0185.png,68
test/0186.png,68
test/0187.png,69
test/0188.png,69
test/0189.png,69
test/0190.png,70
test/0191.png,70
test/0192.png,70
test/0193.png,70
test/0194.png,71
test/0195.png,71
test/0196.png,71
test/0197.png,71
test/0198.png,7
test/0199.png,72
test/0200.png,72
test/0201.png,8
test/0202.png,72
test/0203.png,8
test/0204.png,73
test/0205.png,74
test/0206.png,74
test/0207.png,75
test/0208.png,75
test/0209.png,75
test/0210.png,76
test/0211.png,76
test/0212.png,76
test/0213.png,77
test/0214.png,77
test/0215.png,77
test/0216.png,77
test/0217.png,77
test/0218.png,78
test/0219.png,78
test/0220.png,78
test/0221.png,78
test/0222.png,79
test/0223.png,80
test/0224.png,80
test/0225.png,80
test/0226.png,81
test/0227.png,81
test/0228.png,81
test/0229.png,81
test/0230.png,82
test/0231.png,82
test/0232.png,82
test/0233.png,83
test/0234.png,83
test/0235.png,83
test/0236.png,9
test/0237.png,84
test/0238.png,84
test/0239.png,9
test/0240.png,84
test/0241.png,9
test/0242.png,85
test/0243.png,86
test/0244.png,86
test/0245.png,87
test/0246.png,87
test/0247.png,88
test/0248.png,88
test/0249.png,88
test/0250.png,88
test/0251.png,89
test/0252.png,89
test/0253.png,89
test/0254.png,90
test/0255.png,90
test/0256.png,90
test/0257.png,91
test/0258.png,92
test/0259.png,92
test/0260.png,92
test/0261.png,93
test/0262.png,93
test/0263.png,93
test/0264.png,93
test/0265.png,94
test/0266.png,94
test/0267.png,94
test/0268.png,95
test/0269.png,95
test/0270.png,95
test/0271.png,10
test/0272.png,10
test/0273.png,96
test/0274.png,96
test/0275.png,10
test/0276.png,96
test/0277.png,10
test/0278.png,10
test/0279.png,97
test/0280.png,98
test/0281.png,98
test/0282.png,99
test/0283.png,99
test/0284.png,99
test/0285.png,100
test/0286.png,100
test/0287.png,100
test/0288.png,93
test/0289.png,96
train/0001.png,100
train/0002.png,10
train/0003.png,11
train/0004.png,11
train/0005.png,11
train/0006.png,11
train/0007.png,11
train/0008.png,11
train/0009.png,11
train/0010.png,12
train/0011.png,12
train/0012.png,12
train/0013.png,12
train/0014.png,12
train/0015.png,12
train/0016.png,12
train/0017.png,12
train/0018.png,12
train/0019.png,12
train/0020.png,12
train/0021.png,12
train/0022.png,12
train/0023.png,12
train/0024.png,13
train/0025.png,13
train/0026.png,13
train/0027.png,13
train/0028.png,13
train/0029.png,13
train/0030.png,13
train/0031.png,13
train/0032.png,13
train/0033.png,13
train/0034.png,13
train/0035.png,14
train/0036.png,14
train/0037.png,14
train/0038.png,14
train/0039.png,14
train/0040.png,14
train/0041.png,14
train/0042.png,14
train/0043.png,2
train/0044.png,14
train/0045.png,15
train/0046.png,15
train/0047.png,15
train/0048.png,15
train/0049.png,15
train/0050.png,15
train/0051.png,15
train/0052.png,2
train/0053.png,2
train/0054.png,15
train/0055.png,16
train/0056.png,16
train/0057.png,16
train/0058.png,16
train/0059.png,16
train/0060.png,16
train/0061.png,16
train/0062.png,2
train/0063.png,16
train/0064.png,17
train/0065.png,17
train/0066.png,17
train/0067.png,17
train/0068.png,17
train/0069.png,17
train/0070.png,2
train/0071.png,17
train/0072.png,18
train/0073.png,18
train/0074.png,18
train/0075.png,18
train/0076.png,18
train/0077.png,18
train/0078.png,18
train/0079.png,18
train/0080.png,2
train/0081.png,19
train/0082.png,19
train/0083.png,19
train/0084.png,19
train/0085.png,19
train/0086.png,19
train/0087.png,19
train/0088.png,19
train/0089.png,19
train/0090.png,19
train/0091.png,2
train/0092.png,2
train/0093.png,20
train/0094.png,20
train/0095.png,20
train/0096.png,20
train/0097.png,20
train/0098.png,20
train/0099.png,20
train/0100.png,2
train/0101.png,20
train/0102.png,21
train/0103.png,21
train/0104.png,21
train/0105.png,21
train/0106.png,21
train/0107.png,21
train/0108.png,21
train/0109.png,2
train/0110.png,21
train/0111.png,22
train/0112.png,22
train/0113.png,22
train/0114.png,22
train/0115.png,22
train/0116.png,22
train/0117.png,3
train/0118.png,22
train/0119.png,23
train/0120.png,23
train/0121.png,23
train/0122.png,23
train/0123.png,23
train/0124.png,23
train/0125.png,23
train/0126.png,24
train/0127.png,24
train/0128.png,24
train/0129.png,24
train/0130.png,24
train/0131.png,24
train/0132.png,24
train/0133.png,25
train/0134.png,25
train/0135.png,25
train/0136.png,25
train/0137.png,25
train/0138.png,25
train/0139.png,25
train/0140.png,25
train/0141.png,25
train/0142.png,25
train/0143.png,25
train/0144.png,26
train/0145.png,26
train/0146.png,26
train/0147.png,26
train/0148.png,26
train/0149.png,26
train/0150.png,26
train/0151.png,26
train/0152.png,3
train/0153.png,3
train/0154.png,26
train/0155.png,27
train/0156.png,27
train/0157.png,27
train/0158.png,27
train/0159.png,27
train/0160.png,27
train/0161.png,27
train/0162.png,27
train/0163.png,3
train/0164.png,27
train/0165.png,28
train/0166.png,28
train/0167.png,28
train/0168.png,28
train/0169.png,28
train/0170.png,28
train/0171.png,3
train/0172.png,28
train/0173.png,29
train/0174.png,29
train/0175.png,29
train/0176.png,29
train/0177.png,29
train/0178.png,29
train/0179.png,29
train/0180.png,3
train/0181.png,29
train/0182.png,29
train/0183.png,29
train/0184.png,30
train/0185.png,30
train/0186.png,30
train/0187.png,30
train/0188.png,30
train/0189.png,30
train/0190.png,30
train/0191.png,30
train/0192.png,3
train/0193.png,3
train/0194.png,1
train/0195.png,1
train/0196.png,31
train/0197.png,31
train/0198.png,31
train/0199.png,31
train/0200.png,31
train/0201.png,31
train/0202.png,31
train/0203.png,31
train/0204.png,31
train/0205.png,31
train/0206.png,3
train/0207.png,32
train/0208.png,32
train/0209.png,32
train/0210.png,32
train/0211.png,32
train/0212.png,32
train/0213.png,32
train/0214.png,4
train/0215.png,32
train/0216.png,33
train/0217.png,33
train/0218.png,33
train/0219.png,33
train/0220.png,33
train/0221.png,33
train/0222.png,33
train/0223.png,4
train/0224.png,33
train/0225.png,34
train/0226.png,34
train/0227.png,34
train/0228.png,34
train/0229.png,34
train/0230.png,34
train/0231.png,4
train/0232.png,34
train/0233.png,35
train/0234.png,35
train/0235.png,35
train/0236.png,35
train/0237.png,35
train/0238.png,35
train/0239.png,35
train/0240.png,35
train/0241.png,36
train/0242.png,36
train/0243.png,36
train/0244.png,36
train/0245.png,36
train/0246.png,36
train/0247.png,36
train/0248.png,36
train/0249.png,37
train/0250.png,37
train/0251.png,37
train/0252.png,37
train/0253.png,37
train/0254.png,37
train/0255.png,37
train/0256.png,37
train/0257.png,37
train/0258.png,37
train/0259.png,37
train/0260.png,38
train/0261.png,38
train/0262.png,38
train/0263.png,38
train/0264.png,38
train/0265.png,38
train/0266.png,38
train/0267.png,38
train/0268.png,4
train/0269.png,38
train/0270.png,39
train/0271.png,39
train/0272.png,39
train/0273.png,39
train/0274.png,39
train/0275.png,39
train/0276.png,4
train/0277.png,39
train/0278.png,40
train/0279.png,40
train/0280.png,40
train/0281.png,40
train/0282.png,40
train/0283.png,40
train/0284.png,40
train/0285.png,40
train/0286.png,40
train/0287.png,4
train/0288.png,1
train/0289.png,40
train/0290.png,40
train/0291.png,41
train/0292.png,41
train/0293.png,41
train/0294.png,41
train/0295.png,41
train/0296.png,41
train/0297.png,4
train/0298.png,41
train/0299.png,42
train/0300.png,42
train/0301.png,42
train/0302.png,42
train/0303.png,42
train/0304.png,42
train/0305.png,42
train/0306.png,5
train/0307.png,43
train/0308.png,43
train/0309.png,43
train/0310.png,43
train/0311.png,43
train/0312.png,43
train/0313.png,43
train/0314.png,43
train/0315.png,43
train/0316.png,43
train/0317.png,5
train/0318.png,44
train/0319.png,44
train/0320.png,44
train/0321.png,44
train/0322.png,44
train/0323.png,44
train/0324.png,44
train/0325.png,5
train/0326.png,44
train/0327.png,45
train/0328.png,45
train/0329.png,45
train/0330.png,45
train/0331.png,45
train/0332.png,45
train/0333.png,45
train/0334.png,45
train/0335.png,45
train/0336.png,5
train/0337.png,45
train/0338.png,45
train/0339.png,46
train/0340.png,46
train/0341.png,46
train/0342.png,46
train/0343.png,46
train/0344.png,46
train/0345.png,5
train/0346.png,46
train/0347.png,47
train/0348.png,47
train/0349.png,47
train/0350.png,47
train/0351.png,47
train/0352.png,47
train/0353.png,47
train/0354.png,47
train/0355.png,48
train/0356.png,48
train/0357.png,48
train/0358.png,48
train/0359.png,48
train/0360.png,48
train/0361.png,48
train/0362.png,48
train/0363.png,49
train/0364.png,49
train/0365.png,49
train/0366.png,49
train/0367.png,49
train/0368.png,49
train/0369.png,49
train/0370.png,49
train/0371.png,49
train/0372.png,49
train/0373.png,49
train/0374.png,50
train/0375.png,50
train/0376.png,50
train/0377.png,50
train/0378.png,50
train/0379.png,50
train/0380.png,50
train/0381.png,50
train/0382.png,50
train/0383.png,50
train/0384.png,50
train/0385.png,5
train/0386.png,5
train/0387.png,1
train/0388.png,50
train/0389.png,50
train/0390.png,51
train/0391.png,51
train/0392.png,51
train/0393.png,51
train/0394.png,51
train/0395.png,51
train/0396.png,5
train/0397.png,51
train/0398.png,52
train/0399.png,52
train/0400.png,52
train/0401.png,52
train/0402.png,52
train/0403.png,52
train/0404.png,52
train/0405.png,52
train/0406.png,52
train/0407.png,52
train/0408.png,6
train/0409.png,6
train/0410.png,52
train/0411.png,53
train/0412.png,53
train/0413.png,53
train/0414.png,53
train/0415.png,53
train/0416.png,53
train/0417.png,6
train/0418.png,6
train/0419.png,53
train/0420.png,53
train/0421.png,54
train/0422.png,54
train/0423.png,54
train/0424.png,54
train/0425.png,54
train/0426.png,54
train/0427.png,54
train/0428.png,54
train/0429.png,54
train/0430.png,6
train/0431.png,55
train/0432.png,55
train/0433.png,55
train/0434.png,55
train/0435.png,55
train/0436.png,55
train/0437.png,55
train/0438.png,55
train/0439.png,55
train/0440.png,6
train/0441.png,56
train/0442.png,56
train/0443.png,56
train/0444.png,56
train/0445.png,56
train/0446.png,56
train/0447.png,56
train/0448.png,6
train/0449.png,56
train/0450.png,57
train/0451.png,57
train/0452.png,57
train/0453.png,57
train/0454.png,57
train/0455.png,57
train/0456.png,6
train/0457.png,57
train/0458.png,58
train/0459.png,58
train/0460.png,58
train/0461.png,58
train/0462.png,58
train/0463.png,58
train/0464.png,58
train/0465.png,58
train/0466.png,6
train/0467.png,58
train/0468.png,58
train/0469.png,59
train/0470.png,59
train/0471.png,59
train/0472.png,59
train/0473.png,59
train/0474.png,59
train/0475.png,59
train/0476.png,59
train/0477.png,60
train/0478.png,60
train/0479.png,60
train/0480.png,60
train/0481.png,60
train/0482.png,60
train/0483.png,60
train/0484.png,1
train/0485.png,61
train/0486.png,61
train/0487.png,61
train/0488.png,61
train/0489.png,61
train/0490.png,61
train/0491.png,61
train/0492.png,61
train/0493.png,61
train/0494.png,62
train/0495.png,62
train/0496.png,62
train/0497.png,62
train/0498.png,62
train/0499.png,62
train/0500.png,62
train/0501.png,7
train/0502.png,62
train/0503.png,63
train/0504.png,63
train/0505.png,63
train/0506.png,63
train/0507.png,63
train/0508.png,63
train/0509.png,63
train/0510.png,7
train/0511.png,63
train/0512.png,64
train/0513.png,64
train/0514.png,64
train/0515.png,64
train/0516.png,64
train/0517.png,64
train/0518.png,64
train/0519.png,7
train/0520.png,64
train/0521.png,65
train/0522.png,65
train/0523.png,65
train/0524.png,65
train/0525.png,65
train/0526.png,65
train/0527.png,65
train/0528.png,66
train/0529.png,66
train/0530.png,66
train/0531.png,66
train/0532.png,66
train/0533.png,66
train/0534.png,66
train/0535.png,7
train/0536.png,67
train/0537.png,67
train/0538.png,67
train/0539.png,67
train/0540.png,67
train/0541.png,67
train/0542.png,67
train/0543.png,67
train/0544.png,67
train/0545.png,67
train/0546.png,67
train/0547.png,7
train/0548.png,68
train/0549.png,68
train/0550.png,68
train/0551.png,68
train/0552.png,68
train/0553.png,68
train/0554.png,68
train/0555.png,7
train/0556.png,68
train/0557.png,69
train/0558.png,69
train/0559.png,69
train/0560.png,69
train/0561.png,69
train/0562.png,69
train/0563.png,69
train/0564.png,7
train/0565.png,69
train/0566.png,70
train/0567.png,70
train/0568.png,70
train/0569.png,70
train/0570.png,70
train/0571.png,70
train/0572.png,70
train/0573.png,70
train/0574.png,7
train/0575.png,1
train/0576.png,70
train/0577.png,71
train/0578.png,71
train/0579.png,71
train/0580.png,71
train/0581.png,71
train/0582.png,71
train/0583.png,71
train/0584.png,71
train/0585.png,72
train/0586.png,72
train/0587.png,72
train/0588.png,72
train/0589.png,72
train/0590.png,72
train/0591.png,72
train/0592.png,73
train/0593.png,73
train/0594.png,73
train/0595.png,73
train/0596.png,73
train/0597.png,73
train/0598.png,73
train/0599.png,73
train/0600.png,73
train/0601.png,73
train/0602.png,74
train/0603.png,74
train/0604.png,74
train/0605.png,74
train/0606.png,74
train/0607.png,74
train/0608.png,74
train/0609.png,8
train/0610.png,74
train/0611.png,75
train/0612.png,75
train/0613.png,75
train/0614.png,75
train/0615.png,75
train/0616.png,75
train/0617.png,75
train/0618.png,75
train/0619.png,8
train/0620.png,8
train/0621.png,75
train/0622.png,76
train/0623.png,76
train/0624.png,76
train/0625.png,76
train/0626.png,76
train/0627.png,76
train/0628.png,76
train/0629.png,8
train/0630.png,76
train/0631.png,77
train/0632.png,77
train/0633.png,77
train/0634.png,77
train/0635.png,77
train/0636.png,77
train/0637.png,77
train/0638.png,77
train/0639.png,77
train/0640.png,8
train/0641.png,77
train/0642.png,77
train/0643.png,78
train/0644.png,78
train/0645.png,78
train/0646.png,78
train/0647.png,78
train/0648.png,78
train/0649.png,78
train/0650.png,78
train/0651.png,78
train/0652.png,8
train/0653.png,79
train/0654.png,79
train/0655.png,79
train/0656.png,79
train/0657.png,79
train/0658.png,79
train/0659.png,79
train/0660.png,79
train/0661.png,79
train/0662.png,8
train/0663.png,80
train/0664.png,80
train/0665.png,80
train/0666.png,80
train/0667.png,80
train/0668.png,80
train/0669.png,80
train/0670.png,80
train/0671.png,8
train/0672.png,1
train/0673.png,80
train/0674.png,81
train/0675.png,81
train/0676.png,81
train/0677.png,81
train/0678.png,81
train/0679.png,81
train/0680.png,81
train/0681.png,81
train/0682.png,8
train/0683.png,81
train/0684.png,82
train/0685.png,82
train/0686.png,82
train/0687.png,82
train/0688.png,82
train/0689.png,82
train/0690.png,9
train/0691.png,82
train/0692.png,83
train/0693.png,83
train/0694.png,83
train/0695.png,83
train/0696.png,83
train/0697.png,83
train/0698.png,83
train/0699.png,83
train/0700.png,83
train/0701.png,83
train/0702.png,84
train/0703.png,84
train/0704.png,84
train/0705.png,84
train/0706.png,84
train/0707.png,84
train/0708.png,84
train/0709.png,84
train/0710.png,85
train/0711.png,85
train/0712.png,85
train/0713.png,85
train/0714.png,85
train/0715.png,85
train/0716.png,85
train/0717.png,85
train/0718.png,85
train/0719.png,85
train/0720.png,86
train/0721.png,86
train/0722.png,86
train/0723.png,86
train/0724.png,86
train/0725.png,86
train/0726.png,86
train/0727.png,86
train/0728.png,9
train/0729.png,86
train/0730.png,87
train/0731.png,87
train/0732.png,87
train/0733.png,87
train/0734.png,87
train/0735.png,87
train/0736.png,87
train/0737.png,87
train/0738.png,87
train/0739.png,9
train/0740.png,87
train/0741.png,87
train/0742.png,88
train/0743.png,88
train/0744.png,88
train/0745.png,88
train/0746.png,88
train/0747.png,88
train/0748.png,9
train/0749.png,88
train/0750.png,89
train/0751.png,89
train/0752.png,89
train/0753.png,89
train/0754.png,89
train/0755.png,89
train/0756.png,9
train/0757.png,89
train/0758.png,90
train/0759.png,90
train/0760.png,90
train/0761.png,90
train/0762.png,90
train/0763.png,90
train/0764.png,90
train/0765.png,9
train/0766.png,1
train/0767.png,91
train/0768.png,91
train/0769.png,91
train/0770.png,91
train/0771.png,91
train/0772.png,91
train/0773.png,91
train/0774.png,91
train/0775.png,91
train/0776.png,91
train/0777.png,91
train/0778.png,91
train/0779.png,9
train/0780.png,92
train/0781.png,92
train/0782.png,92
train/0783.png,92
train/0784.png,92
train/0785.png,92
train/0786.png,92
train/0787.png,92
train/0788.png,92
train/0789.png,92
train/0790.png,92
train/0791.png,10
train/0792.png,10
train/0793.png,92
train/0794.png,93
train/0795.png,93
train/0796.png,93
train/0797.png,93
train/0798.png,93
train/0799.png,93
train/0800.png,10
train/0801.png,10
train/0802.png,93
train/0803.png,94
train/0804.png,94
train/0805.png,94
train/0806.png,94
train/0807.png,94
train/0808.png,94
train/0809.png,10
train/0810.png,10
train/0811.png,94
train/0812.png,95
train/0813.png,95
train/0814.png,95
train/0815.png,95
train/0816.png,95
train/0817.png,95
train/0818.png,95
train/0819.png,95
train/0820.png,95
train/0821.png,96
train/0822.png,96
train/0823.png,96
train/0824.png,96
train/0825.png,96
train/0826.png,96
train/0827.png,96
train/0828.png,97
train/0829.png,97
train/0830.png,97
train/0831.png,97
train/0832.png,97
train/0833.png,97
train/0834.png,97
train/0835.png,97
train/0836.png,97
train/0837.png,97
train/0838.png,97
train/0839.png,97
train/0840.png,97
train/0841.png,97
train/0842.png,97
train/0843.png,98
train/0844.png,98
train/0845.png,98
train/0846.png,98
train/0847.png,98
train/0848.png,98
train/0849.png,98
train/0850.png,10
train/0851.png,10
train/0852.png,98
train/0853.png,99
train/0854.png,99
train/0855.png,99
train/0856.png,99
train/0857.png,99
train/0858.png,99
train/0859.png,10
train/0860.png,10
train/0861.png,10
train/0862.png,99
train/0863.png,100
train/0864.png,100
train/0865.png,100
train/0866.png,100
train/0867.png,100
train/0868.png,100
train/0869.png,100
train/0870.png,10
train/0871.png,1
train/0872.png,1
train/0873.png,7
train/0874.png,67
train/0875.png,67
